Team_ID,Game_ID,GAME_DATE,MATCHUP,WL,W,L,W_PCT,MIN,FGM,FGA,FG_PCT,FG3M,FG3A,FG3_PCT,FTM,FTA,FT_PCT,OREB,DREB,REB,AST,STL,BLK,TOV,PF,PTS,PTS_avg_3,PTS_avg_5,FG_PCT_avg_3,FG_PCT_avg_5,AST_avg_3,AST_avg_5,TOV_avg_3,TOV_avg_5,is_home,opponent_abbr,AST_avg_season,opp_AST_avg_season,TRB_avg_season,opp_TRB_avg_season,FG%_avg_season,opp_FG%_avg_season,TOV_avg_season,opp_TOV_avg_season,opp_PTS_avg_3,opp_PTS_avg_5,opp_FG_PCT_avg_3,opp_FG_PCT_avg_5,opp_AST_avg_3,opp_AST_avg_5,opp_TOV_avg_3,opp_TOV_avg_5
1610612757,22300074,2023-10-25,POR @ LAC,L,0,1,0.0,240,44,93,0.473,10,32,0.313,13,17,0.765,15,25,40,20,10,4,17,20,111,,,,,,,,,0,LAC,23.09756097560976,25.57317073170732,42.74390243902439,42.96341463414634,0.4396707317073171,0.4891341463414634,14.414634146341465,12.231707317073171,,,,,,,,
1610612757,22300086,2023-10-27,POR vs. ORL,L,0,2,0.0,240,35,88,0.398,9,32,0.281,18,21,0.857,15,32,47,15,6,1,16,24,97,111.0,111.0,0.473,0.473,20.0,20.0,17.0,17.0,1,ORL,23.09756097560976,24.67073170731708,42.74390243902439,42.30487804878049,0.4396707317073171,0.4777682926829268,14.414634146341465,13.78048780487805,,,,,,,,
1610612757,22300098,2023-10-29,POR @ PHI,L,0,3,0.0,240,36,94,0.383,7,31,0.226,19,22,0.864,14,28,42,19,10,9,15,26,98,104.0,104.0,0.4355,0.4355,17.5,17.5,16.5,16.5,0,PHI,23.09756097560976,24.890243902439025,42.74390243902439,42.95121951219512,0.4396707317073171,0.4654512195121951,14.414634146341465,11.268292682926829,117.0,117.0,0.513,0.513,25.0,25.0,15.0,15.0
1610612757,22300105,2023-10-30,POR @ TOR,W,1,3,0.25,240,38,85,0.447,11,35,0.314,12,15,0.8,13,38,51,20,6,7,14,19,99,102.0,102.0,0.418,0.418,18.0,18.0,16.0,16.0,0,TOR,23.09756097560976,28.47560975609756,42.74390243902439,42.65853658536585,0.4396707317073171,0.4716585365853658,14.414634146341465,13.426829268292684,100.0,100.0,0.432,0.432,26.0,26.0,17.5,17.5
1610612757,22300115,2023-11-01,POR @ DET,W,2,3,0.4,240,38,81,0.469,7,20,0.35,27,33,0.818,7,37,44,23,10,7,17,15,110,98.0,101.25,0.4093333333333333,0.42525,18.0,18.5,15.0,15.5,0,DET,23.09756097560976,25.463414634146343,42.74390243902439,43.329268292682926,0.4396707317073171,0.4639756097560975,14.414634146341465,14.646341463414634,110.33333333333331,110.33333333333331,0.4746666666666666,0.4746666666666666,28.33333333333333,28.33333333333333,18.0,18.0
1610612757,22300007,2023-11-03,POR vs. MEM,W,3,3,0.5,265,39,96,0.406,9,32,0.281,28,36,0.778,15,35,50,19,12,7,14,15,115,102.33333333333331,103.0,0.433,0.434,20.666666666666668,19.4,15.333333333333334,15.8,1,MEM,23.09756097560976,24.695121951219512,42.74390243902439,42.609756097560975,0.4396707317073171,0.4352317073170731,14.414634146341465,14.21951219512195,106.66666666666669,106.0,0.4403333333333334,0.4347499999999999,23.666666666666668,23.5,16.0,15.25
1610612757,22300144,2023-11-05,POR vs. MEM,L,3,4,0.429,240,37,95,0.389,14,45,0.311,12,15,0.8,16,31,47,23,11,5,14,21,100,108.0,103.8,0.4406666666666667,0.4206,20.666666666666668,19.2,15.0,15.2,1,MEM,23.09756097560976,24.695121951219512,42.74390243902439,42.609756097560975,0.4396707317073171,0.4352317073170731,14.414634146341465,14.21951219512195,108.33333333333331,106.6,0.417,0.4208,24.666666666666668,23.8,14.333333333333334,15.2
1610612757,22300170,2023-11-08,POR @ SAC,L,3,5,0.375,265,44,87,0.506,8,22,0.364,22,29,0.759,7,29,36,26,10,5,18,29,118,108.33333333333331,104.4,0.4213333333333333,0.4187999999999999,21.666666666666668,20.8,15.0,14.8,0,SAC,23.09756097560976,28.341463414634145,42.74390243902439,43.98780487804878,0.4396707317073171,0.476719512195122,14.414634146341465,12.548780487804878,107.33333333333331,113.2,0.4203333333333333,0.4316,24.666666666666668,25.4,11.0,11.6
1610612757,22300187,2023-11-12,POR @ LAL,L,3,6,0.333,240,45,90,0.5,13,37,0.351,7,9,0.778,5,33,38,29,2,8,15,25,110,111.0,108.4,0.4336666666666667,0.4434,22.666666666666668,22.2,15.333333333333334,15.4,0,LAL,23.09756097560976,28.536585365853657,42.74390243902439,43.109756097560975,0.4396707317073171,0.499609756097561,14.414634146341465,13.414634146341465,100.66666666666669,107.6,0.469,0.49,21.666666666666668,24.2,14.333333333333334,14.6
1610612757,22300023,2023-11-14,POR @ UTA,L,3,7,0.3,240,37,88,0.42,11,35,0.314,14,20,0.7,13,30,43,23,5,6,17,15,99,109.33333333333331,110.6,0.465,0.454,26.0,24.0,15.666666666666666,15.6,0,UTA,23.09756097560976,27.21951219512195,42.74390243902439,45.45121951219512,0.4396707317073171,0.4676341463414634,14.414634146341465,14.975609756097562,108.66666666666669,114.4,0.4436666666666666,0.4664,26.0,28.0,20.33333333333333,20.4
1610612757,22300199,2023-11-15,POR vs. CLE,L,3,8,0.273,240,34,91,0.374,13,38,0.342,14,16,0.875,8,22,30,24,9,3,12,21,95,109.0,108.4,0.4753333333333333,0.4442,26.0,24.0,16.666666666666668,15.6,1,CLE,23.09756097560976,28.036585365853657,42.74390243902439,43.28048780487805,0.4396707317073171,0.4795487804878048,14.414634146341465,12.74390243902439,117.66666666666669,112.8,0.4766666666666666,0.4772,25.0,24.8,15.333333333333334,15.4
1610612757,22300036,2023-11-17,POR vs. LAL,L,3,9,0.25,240,36,89,0.404,10,37,0.27,13,18,0.722,19,29,48,17,11,2,18,17,95,101.33333333333331,104.4,0.4313333333333333,0.4378,25.33333333333333,25.0,14.666666666666666,15.2,1,LAL,23.09756097560976,28.536585365853657,42.74390243902439,43.109756097560975,0.4396707317073171,0.499609756097561,14.414634146341465,13.414634146341465,124.0,114.6,0.5226666666666666,0.507,28.0,26.4,12.666666666666666,12.8
1610612757,22300215,2023-11-19,POR vs. OKC,L,3,10,0.231,240,34,85,0.4,9,34,0.265,14,21,0.667,13,18,31,21,10,2,17,15,91,96.33333333333331,103.4,0.3993333333333333,0.4408,21.33333333333333,23.8,15.666666666666666,16.0,1,OKC,23.09756097560976,27.10975609756097,42.74390243902439,42.03658536585366,0.4396707317073171,0.5000243902439024,14.414634146341465,11.829268292682928,120.66666666666669,117.6,0.5036666666666667,0.4942,29.33333333333333,26.6,11.333333333333334,12.8
1610612757,22300041,2023-11-21,POR @ PHX,L,3,11,0.214,240,38,87,0.437,14,31,0.452,17,20,0.85,12,18,30,20,8,3,13,20,107,93.66666666666669,98.0,0.3926666666666667,0.4196,20.666666666666668,22.8,15.666666666666666,15.8,0,PHX,23.09756097560976,27.04878048780488,42.74390243902439,44.073170731707314,0.4396707317073171,0.4945487804878049,14.414634146341465,14.097560975609756,121.0,119.6,0.503,0.4756,28.666666666666668,28.0,11.333333333333334,13.6
1610612757,22300237,2023-11-22,POR vs. UTA,W,4,11,0.267,240,47,92,0.511,17,39,0.436,10,15,0.667,14,23,37,31,9,6,13,21,121,97.66666666666669,97.4,0.4136666666666667,0.407,19.33333333333333,21.0,16.0,15.4,1,UTA,23.09756097560976,27.21951219512195,42.74390243902439,45.45121951219512,0.4396707317073171,0.4676341463414634,14.414634146341465,14.975609756097562,126.66666666666669,125.0,0.462,0.4788,26.666666666666668,26.8,12.666666666666666,15.6
1610612757,22300245,2023-11-26,POR @ MIL,L,4,12,0.25,240,37,91,0.407,13,32,0.406,15,20,0.75,11,29,40,21,15,4,17,26,102,106.33333333333331,101.8,0.4493333333333333,0.4252000000000001,24.0,22.6,14.333333333333334,14.6,0,MIL,23.09756097560976,26.536585365853657,42.74390243902439,44.170731707317074,0.4396707317073171,0.4880121951219513,14.414634146341465,12.378048780487806,130.0,129.6,0.5173333333333333,0.5242,28.33333333333333,28.4,9.333333333333334,10.8
1610612757,22300254,2023-11-27,POR @ IND,W,5,12,0.294,240,40,85,0.471,9,18,0.5,25,31,0.806,9,29,38,20,6,4,16,21,114,110.0,103.2,0.4516666666666666,0.4317999999999999,24.0,22.0,14.333333333333334,15.6,0,IND,23.09756097560976,30.75609756097561,42.74390243902439,41.52439024390244,0.4396707317073171,0.5085000000000002,14.414634146341465,12.268292682926829,134.66666666666666,132.4,0.5323333333333333,0.527,30.666666666666668,31.0,14.333333333333334,12.8
1610612757,22300265,2023-11-30,POR @ CLE,W,6,12,0.333,240,39,77,0.506,14,35,0.4,11,11,1.0,9,31,40,29,10,4,22,17,103,112.33333333333331,107.0,0.463,0.4452,24.0,22.6,15.333333333333334,15.2,0,CLE,23.09756097560976,28.036585365853657,42.74390243902439,43.28048780487805,0.4396707317073171,0.4795487804878048,14.414634146341465,12.74390243902439,105.33333333333331,111.8,0.4683333333333333,0.4886,28.0,29.4,15.666666666666666,15.0
1610612757,22300289,2023-12-02,POR @ UTA,L,6,13,0.316,265,38,95,0.4,13,40,0.325,24,27,0.889,11,29,40,17,11,5,9,20,113,106.33333333333331,109.4,0.4613333333333333,0.4664,23.33333333333333,24.2,18.33333333333333,16.2,0,UTA,23.09756097560976,27.21951219512195,42.74390243902439,45.45121951219512,0.4396707317073171,0.4676341463414634,14.414634146341465,14.975609756097562,103.33333333333331,102.8,0.4116666666666666,0.4182,26.666666666666668,26.0,16.666666666666668,17.0
1610612757,22301214,2023-12-06,POR @ GSW,L,6,14,0.3,240,39,95,0.411,16,46,0.348,12,16,0.75,11,29,40,22,8,3,10,30,106,110.0,110.6,0.459,0.4589999999999999,22.0,23.6,15.666666666666666,15.4,0,GSW,23.09756097560976,29.29268292682927,42.74390243902439,46.707317073170735,0.4396707317073171,0.4779390243902439,14.414634146341465,13.707317073170731,120.33333333333331,119.4,0.492,0.4844,30.0,29.0,16.333333333333332,14.4
1610612757,22301226,2023-12-08,POR vs. DAL,L,6,15,0.286,240,39,105,0.371,18,53,0.34,16,18,0.889,18,30,48,20,9,1,15,24,112,107.33333333333331,107.6,0.439,0.4389999999999999,22.666666666666668,21.8,13.666666666666666,14.8,1,DAL,23.09756097560976,25.682926829268293,42.74390243902439,42.9390243902439,0.4396707317073171,0.4814878048780487,14.414634146341465,12.085365853658535,111.66666666666669,105.4,0.43,0.412,26.0,23.2,11.0,9.2
1610612757,22300304,2023-12-11,POR @ LAC,L,6,16,0.273,240,43,90,0.478,19,40,0.475,22,26,0.846,11,25,36,25,5,4,12,21,127,110.33333333333331,109.6,0.3940000000000001,0.4317999999999999,19.666666666666668,21.6,11.333333333333334,14.4,0,LAC,23.09756097560976,25.57317073170732,42.74390243902439,42.96341463414634,0.4396707317073171,0.4891341463414634,14.414634146341465,12.231707317073171,112.66666666666669,114.6,0.4636666666666666,0.4682,26.0,24.8,9.333333333333334,9.0
1610612757,22300323,2023-12-14,POR vs. UTA,L,6,17,0.261,240,43,103,0.417,16,45,0.356,12,18,0.667,21,28,49,30,9,4,11,12,114,115.0,112.2,0.42,0.4332,22.33333333333333,22.6,12.333333333333334,13.6,1,UTA,23.09756097560976,27.21951219512195,42.74390243902439,45.45121951219512,0.4396707317073171,0.4676341463414634,14.414634146341465,14.975609756097562,106.66666666666669,105.6,0.444,0.44,25.666666666666668,25.2,15.666666666666666,16.6
1610612757,22300341,2023-12-16,POR vs. DAL,L,6,18,0.25,240,47,94,0.5,7,32,0.219,19,22,0.864,10,34,44,17,8,2,11,21,120,117.66666666666669,114.4,0.422,0.4154,25.0,22.8,12.666666666666666,11.4,1,DAL,23.09756097560976,25.682926829268293,42.74390243902439,42.9390243902439,0.4396707317073171,0.4814878048780487,14.414634146341465,12.085365853658535,124.0,127.8,0.5033333333333333,0.5024,27.0,28.8,14.0,12.8
1610612757,22300348,2023-12-17,POR vs. GSW,L,6,19,0.24,240,40,85,0.471,13,35,0.371,21,23,0.913,9,28,37,23,10,4,13,20,114,120.33333333333331,115.8,0.465,0.4354,24.0,22.8,11.333333333333334,11.8,1,GSW,23.09756097560976,29.29268292682927,42.74390243902439,46.707317073170735,0.4396707317073171,0.4779390243902439,14.414634146341465,13.707317073170731,121.66666666666669,117.4,0.4506666666666667,0.4426,25.666666666666668,25.6,18.0,16.8
1610612757,22300363,2023-12-19,POR vs. PHX,W,7,19,0.269,240,39,87,0.448,14,28,0.5,17,19,0.895,10,32,42,23,8,4,15,18,109,116.0,117.4,0.4626666666666666,0.4474,23.33333333333333,23.0,11.666666666666666,12.4,1,PHX,23.09756097560976,27.04878048780488,42.74390243902439,44.073170731707314,0.4396707317073171,0.4945487804878049,14.414634146341465,14.097560975609756,117.66666666666669,112.4,0.4833333333333333,0.485,28.33333333333333,27.2,12.333333333333334,13.6
1610612757,22300381,2023-12-21,POR vs. WAS,L,7,20,0.259,240,43,95,0.453,14,30,0.467,17,23,0.739,20,31,51,24,7,6,15,27,117,114.33333333333331,116.8,0.473,0.4628,21.0,23.6,13.0,12.4,1,WAS,23.09756097560976,27.902439024390244,42.74390243902439,41.073170731707314,0.4396707317073171,0.4708414634146342,14.414634146341465,13.548780487804878,122.33333333333331,113.0,0.496,0.466,29.33333333333333,25.6,14.0,16.0
1610612757,22300399,2023-12-23,POR @ GSW,L,7,21,0.25,240,38,84,0.452,13,35,0.371,17,25,0.68,8,22,30,26,13,3,11,20,106,113.33333333333331,114.8,0.4573333333333333,0.4578,23.33333333333333,23.4,14.333333333333334,13.0,0,GSW,23.09756097560976,29.29268292682927,42.74390243902439,46.707317073170735,0.4396707317073171,0.4779390243902439,14.414634146341465,13.707317073170731,124.66666666666669,120.6,0.4906666666666667,0.4706,29.666666666666668,27.4,12.666666666666666,12.8
1610612757,22300413,2023-12-26,POR vs. SAC,W,8,21,0.276,240,49,98,0.5,16,40,0.4,16,20,0.8,16,30,46,28,5,5,7,17,130,110.66666666666669,113.2,0.451,0.4648,24.33333333333333,22.6,13.666666666666666,13.0,1,SAC,23.09756097560976,28.341463414634145,42.74390243902439,43.98780487804878,0.4396707317073171,0.476719512195122,14.414634146341465,12.548780487804878,127.33333333333331,127.0,0.511,0.5138,32.0,32.8,8.666666666666666,11.4
1610612757,22300427,2023-12-28,POR vs. SAS,L,8,22,0.267,240,35,101,0.347,11,36,0.306,24,32,0.75,22,35,57,16,6,4,13,22,105,117.66666666666669,115.2,0.4683333333333334,0.4648,26.0,24.8,11.0,12.2,1,SAS,23.09756097560976,29.865853658536587,42.74390243902439,44.23170731707317,0.4396707317073171,0.4633536585365854,14.414634146341465,14.609756097560975,111.0,114.4,0.4616666666666666,0.4612,27.666666666666668,29.4,15.0,13.2
1610612757,22300437,2023-12-29,POR vs. SAS,W,9,22,0.29,240,48,95,0.505,16,27,0.593,22,27,0.815,16,27,43,28,8,6,14,19,134,113.66666666666669,113.4,0.433,0.44,23.33333333333333,23.4,10.333333333333334,12.2,1,SAS,23.09756097560976,29.865853658536587,42.74390243902439,44.23170731707317,0.4396707317073171,0.4633536585365854,14.414634146341465,14.609756097560975,110.66666666666669,112.2,0.4516666666666666,0.4519999999999999,30.666666666666668,29.6,12.666666666666666,13.4
1610612757,22300456,2024-01-01,POR @ PHX,L,9,23,0.281,240,33,80,0.413,8,30,0.267,14,19,0.737,6,30,36,21,6,10,18,19,88,123.0,118.4,0.4506666666666667,0.4514,24.0,24.4,11.333333333333334,12.0,0,PHX,23.09756097560976,27.04878048780488,42.74390243902439,44.073170731707314,0.4396707317073171,0.4945487804878049,14.414634146341465,14.097560975609756,125.33333333333331,117.0,0.5463333333333332,0.5058,30.0,26.4,16.0,15.2
1610612757,22300472,2024-01-03,POR @ DAL,L,9,24,0.273,240,34,87,0.391,13,40,0.325,16,22,0.727,10,36,46,23,4,3,22,34,97,109.0,112.6,0.4216666666666667,0.4434,21.666666666666668,23.8,15.0,12.6,0,DAL,23.09756097560976,25.682926829268293,42.74390243902439,42.9390243902439,0.4396707317073171,0.4814878048780487,14.414634146341465,12.085365853658535,117.33333333333331,124.8,0.4813333333333333,0.5,25.0,25.8,11.666666666666666,11.6
1610612757,22300487,2024-01-05,POR @ DAL,L,9,25,0.265,240,39,95,0.411,13,40,0.325,12,17,0.706,10,32,42,27,9,3,18,15,103,106.33333333333331,110.8,0.4363333333333334,0.4312,24.0,23.2,18.0,14.8,0,DAL,23.09756097560976,25.682926829268293,42.74390243902439,42.9390243902439,0.4396707317073171,0.4814878048780487,14.414634146341465,12.085365853658535,110.66666666666669,114.0,0.4663333333333333,0.4756,27.33333333333333,26.2,13.666666666666666,12.4
1610612757,22300498,2024-01-07,POR @ BKN,W,10,25,0.286,265,45,95,0.474,20,38,0.526,24,30,0.8,9,29,38,21,5,5,9,20,134,96.0,105.4,0.405,0.4134,23.666666666666668,23.0,19.33333333333333,17.0,0,BKN,23.09756097560976,25.634146341463413,42.74390243902439,44.0609756097561,0.4396707317073171,0.4571097560975609,14.414634146341465,12.317073170731708,98.0,104.0,0.374666667,0.3998,25.66666667,26.0,8.666666667,9.0
1610612757,22300514,2024-01-09,POR @ NYK,L,10,26,0.278,240,33,86,0.384,6,29,0.207,12,18,0.667,12,31,43,19,8,7,15,17,84,111.33333333333331,111.2,0.4253333333333333,0.4387999999999999,23.666666666666668,24.0,16.333333333333332,16.2,0,NYK,23.09756097560976,24.365853658536587,42.74390243902439,45.170731707317074,0.4396707317073171,0.4662926829268293,14.414634146341465,12.231707317073171,118.66666666666669,118.0,0.4793333333333334,0.4708,26.33333333333333,25.0,13.0,13.6
1610612757,22300529,2024-01-11,POR @ OKC,L,10,27,0.27,240,28,101,0.277,11,49,0.224,10,16,0.625,13,29,42,16,8,8,9,19,77,107.0,101.2,0.423,0.4145999999999999,22.33333333333333,22.2,14.0,16.4,0,OKC,23.09756097560976,27.10975609756097,42.74390243902439,42.03658536585366,0.4396707317073171,0.5000243902439024,14.414634146341465,11.829268292682928,129.66666666666666,128.0,0.5586666666666668,0.549,32.0,32.2,13.333333333333334,12.6
1610612757,22300538,2024-01-12,POR @ MIN,L,10,28,0.263,240,30,77,0.39,10,28,0.357,23,34,0.676,10,28,38,18,8,5,19,19,93,98.33333333333331,99.0,0.3783333333333334,0.3874,18.666666666666668,21.2,11.0,14.6,0,MIN,23.09756097560976,26.634146341463413,42.74390243902439,43.6219512195122,0.4396707317073171,0.4865,14.414634146341465,13.353658536585366,114.33333333333331,111.0,0.499,0.4843999999999999,29.0,26.4,15.0,13.8
1610612757,22300554,2024-01-14,POR vs. PHX,L,10,29,0.256,240,40,89,0.449,20,42,0.476,16,22,0.727,12,24,36,23,8,1,13,21,116,84.66666666666667,98.2,0.3503333333333334,0.3872,17.666666666666668,20.2,14.333333333333334,14.0,1,PHX,23.09756097560976,27.04878048780488,42.74390243902439,44.073170731707314,0.4396707317073171,0.4945487804878049,14.414634146341465,14.097560975609756,113.0,114.0,0.4836666666666667,0.4916,25.33333333333333,24.6,11.666666666666666,13.4
1610612757,22300578,2024-01-17,POR vs. BKN,W,11,29,0.275,240,42,86,0.488,9,27,0.333,12,14,0.857,10,31,41,21,2,2,9,16,105,95.33333333333331,100.8,0.372,0.3948,19.0,19.4,13.666666666666666,13.0,1,BKN,23.09756097560976,25.634146341463413,42.74390243902439,44.0609756097561,0.4396707317073171,0.4571097560975609,14.414634146341465,12.317073170731708,117.6666667,107.8,0.469,0.4302,24.0,24.6,15.33333333,13.2
1610612757,22300590,2024-01-19,POR vs. IND,W,12,29,0.293,240,42,84,0.5,4,12,0.333,30,35,0.857,9,38,47,18,3,11,9,21,118,104.66666666666669,95.0,0.4423333333333334,0.3976,20.666666666666668,19.4,13.666666666666666,13.0,1,IND,23.09756097560976,30.75609756097561,42.74390243902439,41.52439024390244,0.4396707317073171,0.5085000000000002,14.414634146341465,12.268292682926829,113.33333333333331,117.0,0.5126666666666667,0.5022,32.0,31.2,17.0,15.4
1610612757,22300605,2024-01-21,POR @ LAL,L,12,30,0.286,240,42,90,0.467,9,29,0.31,17,20,0.85,10,25,35,24,7,5,12,21,110,113.0,101.8,0.479,0.4208,20.666666666666668,19.2,10.333333333333334,11.8,0,LAL,23.09756097560976,28.536585365853657,42.74390243902439,43.109756097560975,0.4396707317073171,0.499609756097561,14.414634146341465,13.414634146341465,121.33333333333331,121.0,0.5206666666666666,0.5210000000000001,31.0,32.0,13.0,14.4
1610612757,22300617,2024-01-23,POR @ OKC,L,12,31,0.279,240,37,86,0.43,18,39,0.462,17,21,0.81,12,34,46,27,6,6,19,19,109,111.0,108.4,0.485,0.4588,21.0,20.8,10.0,12.4,0,OKC,23.09756097560976,27.10975609756097,42.74390243902439,42.03658536585366,0.4396707317073171,0.5000243902439024,14.414634146341465,11.829268292682928,118.66666666666669,121.4,0.4936666666666666,0.5016,29.666666666666668,30.6,12.666666666666666,11.6
1610612757,22300623,2024-01-24,POR @ HOU,W,13,31,0.295,265,50,98,0.51,15,35,0.429,22,24,0.917,13,35,48,31,6,4,12,18,137,112.33333333333331,111.6,0.4656666666666667,0.4668,23.0,22.6,13.333333333333334,12.4,0,HOU,23.09756097560976,24.817073170731707,42.74390243902439,45.45121951219512,0.4396707317073171,0.4594756097560976,14.414634146341465,12.207317073170731,112.0,112.2,0.448,0.4408,23.666666666666668,22.4,10.0,10.2
1610612757,22300641,2024-01-26,POR @ SAS,L,13,32,0.289,240,38,90,0.422,10,37,0.27,14,19,0.737,8,29,37,23,11,3,13,20,100,118.66666666666669,115.8,0.469,0.479,27.33333333333333,24.2,14.333333333333334,12.2,0,SAS,23.09756097560976,29.865853658536587,42.74390243902439,44.23170731707317,0.4396707317073171,0.4633536585365854,14.414634146341465,14.609756097560975,124.66666666666669,114.2,0.5176666666666666,0.4744,34.333333333333336,31.2,12.666666666666666,13.0
1610612757,22300656,2024-01-28,POR vs. CHI,L,13,33,0.283,240,32,79,0.405,6,33,0.182,26,29,0.897,7,41,48,22,2,5,13,21,96,115.33333333333331,114.8,0.454,0.4658,27.0,24.6,14.666666666666666,13.0,1,CHI,23.09756097560976,24.97560975609756,42.74390243902439,43.81707317073171,0.4396707317073171,0.4713536585365853,14.414634146341465,11.670731707317072,118.0,113.4,0.509,0.492,29.0,27.8,10.333333333333334,11.6
1610612757,22300668,2024-01-29,POR vs. PHI,W,14,33,0.298,240,46,84,0.548,12,28,0.429,26,29,0.897,11,28,39,29,7,5,13,24,130,111.0,110.4,0.4456666666666667,0.4468,25.33333333333333,25.4,12.666666666666666,13.8,1,PHI,23.09756097560976,24.890243902439025,42.74390243902439,42.95121951219512,0.4396707317073171,0.4654512195121951,14.414634146341465,11.268292682926829,117.33333333333331,120.4,0.4673333333333333,0.4901999999999999,24.33333333333333,24.6,8.666666666666666,8.2
1610612757,22300683,2024-01-31,POR vs. MIL,W,15,33,0.313,240,49,92,0.533,12,28,0.429,9,9,1.0,9,30,39,26,9,1,11,20,119,108.66666666666669,114.4,0.4583333333333334,0.4629999999999999,24.666666666666668,26.4,13.0,14.0,1,MIL,23.09756097560976,26.536585365853657,42.74390243902439,44.170731707317074,0.4396707317073171,0.4880121951219513,14.414634146341465,12.378048780487806,122.33333333333331,126.0,0.4873333333333334,0.4924,25.0,26.2,12.666666666666666,11.4
1610612757,22300697,2024-02-02,POR @ DEN,L,15,34,0.306,240,37,80,0.463,10,28,0.357,24,30,0.8,13,24,37,14,7,4,8,16,108,115.0,116.4,0.4953333333333334,0.4836,25.666666666666668,26.2,12.333333333333334,12.4,0,DEN,23.09756097560976,29.451219512195124,42.74390243902439,44.4390243902439,0.4396707317073171,0.4970243902439024,14.414634146341465,11.792682926829269,102.66666666666669,107.0,0.4466666666666667,0.4658,24.666666666666668,25.0,11.333333333333334,11.4
1610612757,22300712,2024-02-04,POR @ DEN,L,15,35,0.3,240,39,85,0.459,11,31,0.355,14,15,0.933,15,27,42,29,6,3,13,16,103,119.0,110.6,0.5146666666666667,0.4742,23.0,22.8,10.666666666666666,11.6,0,DEN,23.09756097560976,29.451219512195124,42.74390243902439,44.4390243902439,0.4396707317073171,0.4970243902439024,14.414634146341465,11.792682926829269,108.0,104.4,0.4443333333333333,0.4476,25.0,23.4,7.666666666666667,10.4
1610612757,22300741,2024-02-08,POR vs. DET,L,15,36,0.294,265,41,89,0.461,11,30,0.367,29,33,0.879,11,27,38,29,9,7,15,27,122,110.0,111.2,0.4850000000000001,0.4816000000000001,23.0,24.0,10.666666666666666,11.6,1,DET,23.09756097560976,25.463414634146343,42.74390243902439,43.329268292682926,0.4396707317073171,0.4639756097560975,14.414634146341465,14.646341463414634,115.0,113.8,0.504,0.4884,25.666666666666668,25.2,16.0,14.8
1610612757,22300758,2024-02-10,POR vs. NOP,L,15,37,0.288,240,33,76,0.434,6,21,0.286,12,17,0.706,11,31,42,19,7,4,17,14,84,111.0,116.4,0.4610000000000001,0.4928,24.0,25.4,12.0,12.0,1,NOP,23.09756097560976,26.951219512195124,42.74390243902439,43.96341463414634,0.4396707317073171,0.4867682926829268,14.414634146341465,12.414634146341465,123.0,118.2,0.5093333333333333,0.5065999999999999,31.666666666666668,27.2,9.333333333333334,11.2
1610612757,22300775,2024-02-13,POR vs. MIN,L,15,38,0.283,240,39,87,0.448,11,29,0.379,20,25,0.8,12,32,44,26,5,1,16,29,109,103.0,107.2,0.4513333333333333,0.47,25.666666666666668,23.4,15.0,12.8,1,MIN,23.09756097560976,26.634146341463413,42.74390243902439,43.6219512195122,0.4396707317073171,0.4865,14.414634146341465,13.353658536585366,121.0,118.0,0.4843333333333334,0.4958,27.666666666666668,27.6,12.0,12.6
1610612757,22300791,2024-02-15,POR vs. MIN,L,15,39,0.278,240,31,83,0.373,8,29,0.276,21,30,0.7,9,26,35,18,8,5,15,23,91,105.0,105.2,0.4476666666666667,0.453,24.666666666666668,23.4,16.0,13.8,1,MIN,23.09756097560976,26.634146341463413,42.74390243902439,43.6219512195122,0.4396707317073171,0.4865,14.414634146341465,13.353658536585366,124.33333333333331,118.0,0.5146666666666668,0.4902,31.666666666666668,28.0,10.666666666666666,12.8
1610612757,22300812,2024-02-23,POR vs. DEN,L,15,40,0.273,240,46,101,0.455,8,25,0.32,12,18,0.667,19,26,45,25,11,2,10,17,112,94.66666666666669,101.8,0.4183333333333334,0.435,21.0,24.2,16.0,15.2,1,DEN,23.09756097560976,29.451219512195124,42.74390243902439,44.4390243902439,0.4396707317073171,0.4970243902439024,14.414634146341465,11.792682926829269,99.66666666666669,105.0,0.413,0.4424,25.666666666666668,27.2,15.0,13.0
1610612757,22300826,2024-02-25,POR vs. CHA,L,15,41,0.268,240,33,95,0.347,3,32,0.094,11,16,0.688,22,34,56,14,11,4,15,16,80,104.0,103.6,0.4253333333333334,0.4342,23.0,23.4,13.666666666666666,14.6,1,CHA,23.09756097560976,24.79268292682927,42.74390243902439,40.28048780487805,0.4396707317073171,0.4611951219512195,14.414634146341465,12.98780487804878,116.0,109.4,0.4886666666666666,0.4761999999999999,27.33333333333333,25.8,12.333333333333334,13.8
1610612757,22300842,2024-02-27,POR vs. MIA,L,15,42,0.263,240,35,86,0.407,10,31,0.323,16,19,0.842,15,25,40,24,9,4,17,25,96,94.33333333333331,95.2,0.3916666666666668,0.4114,19.0,20.4,13.333333333333334,14.6,1,MIA,23.09756097560976,25.804878048780488,42.74390243902439,42.29268292682927,0.4396707317073171,0.4654634146341463,14.414634146341465,11.817073170731708,112.66666666666669,112.0,0.4856666666666667,0.4726,27.0,26.2,13.666666666666666,11.6
1610612757,22300861,2024-03-01,POR @ MEM,W,16,42,0.276,240,48,92,0.522,13,31,0.419,13,16,0.813,16,30,46,31,13,8,14,20,122,96.0,97.6,0.4030000000000001,0.4059999999999999,21.0,21.4,14.0,14.6,0,MEM,23.09756097560976,24.695121951219512,42.74390243902439,42.609756097560975,0.4396707317073171,0.4352317073170731,14.414634146341465,14.21951219512195,98.0,100.4,0.445,0.4498,24.0,25.4,14.0,14.0
1610612757,22300868,2024-03-02,POR @ MEM,W,17,42,0.288,265,39,92,0.424,11,35,0.314,18,24,0.75,13,37,50,23,8,5,22,25,107,99.33333333333331,100.2,0.4253333333333334,0.4208,23.0,22.4,15.333333333333334,14.2,0,MEM,23.09756097560976,24.695121951219512,42.74390243902439,42.609756097560975,0.4396707317073171,0.4352317073170731,14.414634146341465,14.21951219512195,94.0,103.2,0.3973333333333333,0.4432,21.666666666666668,24.4,13.333333333333334,13.4
1610612757,22300881,2024-03-04,POR @ MIN,L,17,43,0.283,240,45,92,0.489,16,39,0.41,8,11,0.727,12,29,41,28,5,3,13,26,114,108.33333333333331,103.4,0.451,0.431,26.0,23.4,17.666666666666668,15.6,0,MIN,23.09756097560976,26.634146341463413,42.74390243902439,43.6219512195122,0.4396707317073171,0.4865,14.414634146341465,13.353658536585366,114.66666666666669,110.4,0.4833333333333334,0.4636,28.666666666666668,26.2,13.0,12.8
1610612757,22300900,2024-03-06,POR vs. OKC,L,17,44,0.279,240,41,81,0.506,14,34,0.412,24,27,0.889,7,25,32,27,10,2,17,28,120,114.33333333333331,103.8,0.4783333333333334,0.4378,27.33333333333333,24.0,16.333333333333332,16.2,1,OKC,23.09756097560976,27.10975609756097,42.74390243902439,42.03658536585366,0.4396707317073171,0.5000243902439024,14.414634146341465,11.829268292682928,116.0,123.6,0.4823333333333333,0.5038,20.0,24.0,9.333333333333334,10.4
1610612757,22300916,2024-03-08,POR vs. HOU,L,17,45,0.274,240,37,89,0.416,16,35,0.457,17,25,0.68,19,30,49,22,5,5,17,16,107,113.66666666666669,111.8,0.4730000000000001,0.4695999999999999,26.0,26.6,17.333333333333332,16.6,1,HOU,23.09756097560976,24.817073170731707,42.74390243902439,45.45121951219512,0.4396707317073171,0.4594756097560976,14.414634146341465,12.207317073170731,112.33333333333331,108.4,0.4126666666666667,0.4072,21.33333333333333,20.8,9.666666666666666,12.4
1610612757,22300923,2024-03-09,POR vs. TOR,W,18,45,0.286,265,49,103,0.476,16,40,0.4,14,15,0.933,18,34,52,31,10,3,14,18,128,113.66666666666669,114.0,0.4703333333333334,0.4714,25.666666666666668,26.2,15.666666666666666,16.6,1,TOR,23.09756097560976,28.47560975609756,42.74390243902439,42.65853658536585,0.4396707317073171,0.4716585365853658,14.414634146341465,13.426829268292684,104.66666666666669,113.8,0.427,0.4604,26.33333333333333,29.6,13.0,12.2
1610612757,22300938,2024-03-11,POR vs. BOS,L,18,46,0.281,240,39,87,0.448,10,28,0.357,11,11,1.0,9,29,38,23,3,5,11,11,99,118.33333333333331,115.2,0.466,0.4622,26.666666666666668,26.2,16.0,16.6,1,BOS,23.09756097560976,26.914634146341463,42.74390243902439,46.329268292682926,0.4396707317073171,0.4876585365853658,14.414634146341465,11.268292682926829,117.66666666666669,121.6,0.474,0.5004000000000001,27.666666666666668,27.4,10.666666666666666,11.0
1610612757,22300953,2024-03-13,POR vs. ATL,W,19,46,0.292,240,38,82,0.463,10,30,0.333,20,24,0.833,12,37,49,24,7,5,18,21,106,111.33333333333331,113.6,0.4466666666666667,0.4669999999999999,25.33333333333333,26.2,14.0,14.4,1,ATL,23.09756097560976,26.585365853658537,42.74390243902439,44.670731707317074,0.4396707317073171,0.4664146341463413,14.414634146341465,12.75609756097561,109.0,105.2,0.4809999999999999,0.4596,24.666666666666668,23.0,12.333333333333334,11.8
1610612757,22300960,2024-03-14,POR vs. NYK,L,19,47,0.288,240,34,84,0.405,11,33,0.333,14,16,0.875,13,32,45,19,10,2,17,19,93,111.0,112.0,0.4623333333333334,0.4618,26.0,25.4,14.333333333333334,15.4,1,NYK,23.09756097560976,24.365853658536587,42.74390243902439,45.170731707317074,0.4396707317073171,0.4662926829268293,14.414634146341465,12.231707317073171,90.33333333333331,95.4,0.3966666666666667,0.4092,22.0,24.2,15.0,13.2
1610612757,22300970,2024-03-16,POR @ NOP,L,19,48,0.284,240,42,84,0.5,12,33,0.364,11,12,0.917,10,26,36,23,3,7,19,15,107,99.33333333333331,106.6,0.4386666666666667,0.4416,22.0,23.8,15.333333333333334,15.4,0,NOP,23.09756097560976,26.951219512195124,42.74390243902439,43.96341463414634,0.4396707317073171,0.4867682926829268,14.414634146341465,12.414634146341465,104.66666666666669,116.4,0.4846666666666665,0.5034,25.33333333333333,27.8,11.666666666666666,12.6
1610612757,22300986,2024-03-18,POR @ CHI,L,19,49,0.279,240,40,88,0.455,8,28,0.286,19,25,0.76,13,30,43,21,7,5,13,24,107,102.0,106.6,0.4560000000000001,0.4584,22.0,24.0,18.0,15.8,0,CHI,23.09756097560976,24.97560975609756,42.74390243902439,43.81707317073171,0.4396707317073171,0.4713536585365853,14.414634146341465,11.670731707317072,111.66666666666669,112.4,0.4640000000000001,0.4702,23.0,25.0,12.333333333333334,12.6
1610612757,22301003,2024-03-20,POR vs. LAC,L,19,50,0.275,240,39,81,0.481,15,34,0.441,10,15,0.667,8,30,38,21,6,4,17,16,103,102.33333333333331,102.4,0.4533333333333333,0.4542,21.0,22.0,16.333333333333332,15.6,1,LAC,23.09756097560976,25.57317073170732,42.74390243902439,42.96341463414634,0.4396707317073171,0.4891341463414634,14.414634146341465,12.231707317073171,110.0,111.8,0.5176666666666666,0.5010000000000001,24.0,26.2,13.0,12.4
1610612757,22301017,2024-03-22,POR vs. LAC,L,19,51,0.271,240,45,93,0.484,12,33,0.364,15,25,0.6,15,26,41,29,11,1,10,19,117,105.66666666666669,103.2,0.4786666666666667,0.4608,21.666666666666668,21.6,16.333333333333332,16.8,1,LAC,23.09756097560976,25.57317073170732,42.74390243902439,42.96341463414634,0.4396707317073171,0.4891341463414634,14.414634146341465,12.231707317073171,107.66666666666669,108.0,0.4863333333333333,0.4766,22.33333333333333,23.8,12.0,12.8
1610612757,22301026,2024-03-23,POR vs. DEN,L,19,52,0.268,240,43,93,0.462,10,28,0.357,15,17,0.882,14,31,45,27,8,8,15,24,111,109.0,105.4,0.4733333333333334,0.465,23.666666666666668,22.6,13.333333333333334,15.2,1,DEN,23.09756097560976,29.451219512195124,42.74390243902439,44.4390243902439,0.4396707317073171,0.4970243902439024,14.414634146341465,11.792682926829269,112.33333333333331,112.4,0.5033333333333334,0.509,29.666666666666668,29.8,12.0,10.8
1610612757,22301038,2024-03-25,POR @ HOU,L,19,53,0.264,240,36,87,0.414,7,33,0.212,13,15,0.867,10,34,44,14,5,6,16,25,92,110.33333333333331,109.0,0.4756666666666667,0.4764,25.666666666666668,24.2,14.0,14.8,0,HOU,23.09756097560976,24.817073170731707,42.74390243902439,45.45121951219512,0.4396707317073171,0.4594756097560976,14.414634146341465,12.207317073170731,127.0,123.8,0.5003333333333334,0.51,26.666666666666668,25.0,10.0,11.8
1610612757,22301051,2024-03-27,POR @ ATL,L,19,54,0.26,240,43,85,0.506,14,31,0.452,6,10,0.6,6,27,33,35,8,2,18,18,106,106.66666666666669,106.0,0.4533333333333333,0.4592,23.33333333333333,22.4,13.666666666666666,14.2,0,ATL,23.09756097560976,26.585365853658537,42.74390243902439,44.670731707317074,0.4396707317073171,0.4664146341463413,14.414634146341465,12.75609756097561,117.33333333333331,116.8,0.4749999999999999,0.4718,33.0,32.6,8.333333333333334,9.6
1610612757,22301068,2024-03-29,POR @ MIA,L,19,55,0.257,240,35,87,0.402,5,30,0.167,7,11,0.636,10,33,43,20,4,2,23,19,82,103.0,105.8,0.4606666666666667,0.4694,25.33333333333333,25.2,16.333333333333332,15.2,0,MIA,23.09756097560976,25.804878048780488,42.74390243902439,42.29268292682927,0.4396707317073171,0.4654634146341463,14.414634146341465,11.817073170731708,105.33333333333331,102.2,0.4453333333333333,0.4356,23.33333333333333,23.4,6.666666666666667,8.8
1610612757,22301090,2024-04-01,POR @ ORL,L,19,56,0.253,240,40,90,0.444,11,31,0.355,12,15,0.8,11,33,44,28,9,3,9,21,103,93.33333333333331,101.6,0.4406666666666667,0.4536,23.0,25.0,19.0,16.4,0,ORL,23.09756097560976,24.67073170731708,42.74390243902439,42.30487804878049,0.4396707317073171,0.4777682926829268,14.414634146341465,13.78048780487805,99.0,106.0,0.4476666666666666,0.4866,24.0,27.4,12.333333333333334,13.4
1610612757,22301102,2024-04-03,POR @ CHA,W,20,56,0.263,240,37,93,0.398,7,26,0.269,8,12,0.667,14,41,55,19,4,2,15,19,89,97.0,98.8,0.4506666666666667,0.4456,27.666666666666668,24.8,16.666666666666668,16.2,0,CHA,23.09756097560976,24.79268292682927,42.74390243902439,40.28048780487805,0.4396707317073171,0.4611951219512195,14.414634146341465,12.98780487804878,111.0,103.2,0.4946666666666666,0.4651999999999999,28.33333333333333,26.4,11.666666666666666,11.8
1610612757,22301117,2024-04-05,POR @ WAS,W,21,56,0.273,240,41,94,0.436,9,29,0.31,17,24,0.708,16,39,55,29,7,5,12,23,108,91.33333333333331,94.4,0.4146666666666667,0.4328,22.33333333333333,23.2,15.666666666666666,16.2,0,WAS,23.09756097560976,27.902439024390244,42.74390243902439,41.073170731707314,0.4396707317073171,0.4708414634146342,14.414634146341465,13.548780487804878,103.66666666666669,107.4,0.4563333333333332,0.4552,25.0,26.6,14.333333333333334,13.8
1610612757,22301134,2024-04-07,POR @ BOS,L,21,57,0.269,240,40,102,0.392,14,38,0.368,13,13,1.0,22,31,53,26,8,2,14,12,107,100.0,97.6,0.426,0.4372,25.33333333333333,26.2,12.0,15.4,0,BOS,23.09756097560976,26.914634146341463,42.74390243902439,46.329268292682926,0.4396707317073171,0.4876585365853658,14.414634146341465,11.268292682926829,119.0,119.4,0.5006666666666667,0.4952,29.33333333333333,27.4,10.666666666666666,10.2
1610612757,22301157,2024-04-09,POR vs. NOP,L,21,58,0.266,240,40,85,0.471,13,38,0.342,7,8,0.875,13,34,47,28,3,3,21,19,100,101.33333333333331,97.8,0.4086666666666667,0.4144,24.666666666666668,24.4,13.666666666666666,14.6,1,NOP,23.09756097560976,26.951219512195124,42.74390243902439,43.96341463414634,0.4396707317073171,0.4867682926829268,14.414634146341465,12.414634146341465,109.33333333333331,105.4,0.4859999999999999,0.4497999999999999,26.0,24.4,13.333333333333334,11.0
1610612757,22301169,2024-04-11,POR vs. GSW,L,21,59,0.263,240,35,97,0.361,8,34,0.235,14,17,0.824,20,29,49,22,9,3,12,18,92,105.0,101.4,0.433,0.4282,27.666666666666668,26.0,15.666666666666666,14.2,1,GSW,23.09756097560976,29.29268292682927,42.74390243902439,46.707317073170735,0.4396707317073171,0.4779390243902439,14.414634146341465,13.707317073170731,119.0,115.6,0.5206666666666666,0.5014000000000001,29.33333333333333,30.2,15.333333333333334,15.6
1610612757,22301183,2024-04-12,POR vs. HOU,L,21,60,0.259,240,37,95,0.389,12,35,0.343,21,29,0.724,16,32,48,20,4,5,7,14,107,99.66666666666669,99.2,0.4080000000000001,0.4115999999999999,25.33333333333333,24.8,15.666666666666666,14.8,1,HOU,23.09756097560976,24.817073170731707,42.74390243902439,45.45121951219512,0.4396707317073171,0.4594756097560976,14.414634146341465,12.207317073170731,119.33333333333331,114.8,0.4653333333333334,0.4522,28.33333333333333,26.2,10.333333333333334,11.4
1610612757,22301200,2024-04-14,POR @ SAC,L,21,61,0.256,240,31,98,0.316,7,45,0.156,13,17,0.765,23,31,54,18,11,2,17,19,82,99.66666666666669,102.8,0.407,0.4098,23.33333333333333,25.0,13.333333333333334,13.2,0,SAC,23.09756097560976,28.341463414634145,42.74390243902439,43.98780487804878,0.4396707317073171,0.476719512195122,14.414634146341465,12.548780487804878,111.66666666666669,108.8,0.4393333333333332,0.438,26.666666666666668,25.4,13.333333333333334,12.6
